{"version": "a9c11600a1a4f4df64fdf0c5585e28e7fc7cb318", 
"dataset": "user_data", 
"target": "target", 
"atom_features": "cgcnn", 
"neighbor_strategy": "k-nearest", 
"id_tag": "jid", 
"random_seed": 41, 
"classification_threshold": null, 
"n_val": null, 
"n_test": null, 
"n_train": null, 
"train_ratio": 0.8, 
"val_ratio": 0.1, 
"test_ratio": 0.1, 
"target_multiplication_factor": null, 
"epochs": 300,
"batch_size": 64,
"weight_decay": 9.14675419e-05,
"learning_rate": 0.002, 
"filename": "sample", 
"warmup_steps": 2000, 
"criterion": "mse", 
"optimizer": "adamw", 
"scheduler": "onecycle", 
"pin_memory": false, 
"save_dataloader": false, 
"write_checkpoint": true, 
"write_predictions": true, 
"store_outputs": true, 
"progress": true, 
"log_tensorboard": false, 
"use_canonize": true, 
"num_workers": 4, 
"cutoff": 8.0, 
"max_neighbors": 12, 
    "model": {
        "name": "alignn",
        "alignn_layers": 3,
        "gcn_layers": 2,
        "atom_input_features": 92,
        "edge_input_features": 85,
        "triplet_input_features": 36,
        "embedding_features": 72,
        "hidden_features": 256,
        "output_features": 1,
        "link": "identity",
	"zero_inflated": false, 
	"classification": false
    }
}